Punto,Lat,Lon,,
A DIOS LE PIDO  RESTAURANTE BAR,19.42720253,-99.1645885,19.4272-99.1645,1
ACADEMIA MEXICANA DE SOMMELIERS,19.41294789,-99.16564421,19.4129-99.1656,1
ADRENALINE WINGS,19.3481418,-99.01884601,19.3481-99.0188,1
AGUA BENDITA,19.36746988,-99.16213064,19.3674-99.1621,1
AGUAMIEL Y PULQUES,19.20336237,-99.13862258,19.2033-99.1386,1
AJA TORO,19.32452199,-99.26846062,19.3245-99.2684,1
ALAS MICHES,19.31656593,-99.25620916,19.3165-99.2562,1
ALBOA ENTERTEINMENT HALL,19.39657944,-99.1808907,19.3965-99.1808,1
ALIMENTOS Y BEBIDAS EL FRAILE,19.32823818,-99.28030723,19.3282-99.2803,1
ALITAS,19.44700143,-99.12924783,19.4470-99.1292,1
ALITAS ARANZA,19.33614165,-99.03356179,19.3361-99.0335,1
ALITAS SIN NOMBRE,19.42800364,-99.12334063,19.4280-99.1233,1
ALITAS TANOS,19.26964919,-99.15789772,19.2696-99.1578,1
ALITAS Y SNAKS LA ENVIDIOSA,19.29041419,-99.00291902,19.2904-99.0029,1
ALITASY COSTILLAS SIN NOMBRE,19.46978612,-99.11132903,19.4697-99.1113,1
ALZONA 19 PULQUES,19.35919441,-99.01807214,19.3591-99.0180,1
ANTOJERIA MI GALLO,19.42494247,-99.15506813,19.4249-99.1550,1
ANTOJITOS,19.33657667,-99.01023814,19.3365-99.0102,1
ANTOJITOS MEXICANOS,19.32574896,-99.17333863,19.3257-99.1733,1
ANTOJITOS Y COKTELERIA,19.34499477,-99.00982658,19.3449-99.0098,1
ANTRO- BAR  LA J,19.43707112,-99.1377635,19.4370-99.1377,1
ANTULL,19.40882908,-99.17659359,19.4088-99.1765,1
APOYO ECONOMICO FAMILIAR S.A. DE C.V.,19.31614404,-99.07266363,19.3161-99.0726,1
ARTEMISA,19.42071303,-99.16336235,19.4207-99.1633,1
ARTESANAL MEXICANO LA FUNDIDORA,19.40513273,-99.1302458,19.4051-99.1302,1
ARTIC BAR,19.41282707,-99.17190686,19.4128-99.1719,1
ASADO BRAZIL,19.4353423,-99.17051631,19.4353-99.1705,1
ATARDECER RANCHERO,19.40239454,-99.14553657,19.4023-99.1455,1
AZ DE OROS,19.44093139,-99.15065601,19.4409-99.1506,1
B.WING,19.36814663,-99.14160141,19.3681-99.1416,1
BALAGAN,19.42701254,-99.13628914,19.4270-99.1362,1
BALTRA BAR,19.40950232,-99.16884421,19.4095-99.1688,1
BAR,19.39338604,-99.07366923,19.3933-99.0736,1
BAR 3ER MILENIO VIP,19.29602202,-99.13314667,19.2960-99.1331,1
BAR ACAPULCO,19.42791389,-99.10795645,19.4279-99.1079,1
BAR ANGEL DE LA NOCHE,19.35180097,-99.02436174,19.3518-99.0243,1
BAR ANTONIO,19.39585441,-99.16687898,19.3958-99.1668,1
BAR ASHA,19.33877905,-99.1895547,19.3387-99.1895,1
BAR BARRA INDEPENDENCIA,19.43323543,-99.14438691,19.4332-99.1443,1
BAR BERLIN,19.37528602,-99.17922927,19.3752-99.1792,1
BAR BLACK PEARL,19.36625605,-99.18123162,19.3662-99.1812,1
BAR BORA BORA BISTRO,19.46153798,-99.12829663,19.4615-99.1282,1
BAR CAN CAN,19.42014019,-99.16493185,19.4201-99.1649,1
BAR CARAPOS,19.44088021,-99.13803721,19.4408-99.1380,1
BAR CENIT,19.4373732,-99.13805804,19.4373-99.1380,1
BAR CHAPULTEPEC,19.43749486,-99.14794537,19.4374-99.1479,1
BAR CHUPACHELAS,19.43495469,-99.15760736,19.4349-99.1576,1
BAR CLUB,19.46701223,-99.12436274,19.4670-99.1243,1
BAR COCTEL BAR AND GRILL,19.42675469,-99.16639201,19.4267-99.1663,1
BAR DE MICHELADAS EL RETEN,19.22894114,-99.11645651,19.2289-99.1164,1
BAR DUSK,19.39069927,-99.17858589,19.3906-99.1785,1
BAR ECLCETIC,19.38935688,-99.08398051,19.3893-99.0839,1
BAR EL ALMACEN,19.42469432,-99.16655435,19.4246-99.1665,1
BAR EL ATORON,19.41495334,-99.07499728,19.4149-99.0749,1
BAR EL CALAVERA,19.36014653,-99.07038815,19.3601-99.0703,1
BAR EL CAPRICHO,19.4255079,-99.12808622,19.4255-99.1280,1
BAR EL CHANGAROCK,19.29554651,-99.07002718,19.2955-99.0700,1
BAR EL DEPOSITO,19.38733426,-99.15397259,19.3873-99.1539,1
BAR EL DESVAN,19.24398032,-99.11208553,19.2439-99.1120,1
BAR EL DIAMANTE,19.42380651,-99.13207983,19.4238-99.1320,1
BAR EL DORADO,19.44182787,-99.13988656,19.4418-99.1398,1
BAR EL GARROBO,19.29010734,-99.22920571,19.2901-99.2292,1
BAR EL GRAN MARQUES,19.44152812,-99.14806396,19.4415-99.1480,1
BAR EL IMPERIAL,19.41666134,-99.16852453,19.4166-99.1685,1
BAR EL JAIBOL,19.29543532,-99.13333259,19.2954-99.1333,1
BAR EL KILOMETRO,19.29192049,-99.04117108,19.2919-99.0411,1
BAR EL LEON LAS PELIGROSAS DEL JEDAY,19.44985565,-99.09929669,19.4498-99.0992,1
BAR EL MARRAQUECH,19.43759337,-99.13888425,19.4375-99.1388,1
BAR EL OR¡CULO,19.28746644,-99.21844466,19.2874-99.2184,1
BAR EL PATIO,19.45806643,-99.16246301,19.4580-99.1624,1
BAR EL REFUGIO,19.35690377,-99.25859713,19.3569-99.2585,1
BAR EL SUAVECITO 1ER PISO,19.36699419,-99.09794238,19.3669-99.0979,1
BAR EL TALLER,19.42470127,-99.16655794,19.4247-99.1665,1
BAR EL TRAPIZ,19.41619333,-99.16918037,19.4161-99.1691,1
BAR FAMILIAR LA PERLA,19.3939667,-99.07606847,19.3939-99.0760,1
BAR FELINA,19.40537828,-99.17413605,19.4053-99.1741,1
BAR FLORIDA DEL CENTRO,19.4329086,-99.14224841,19.4329-99.1422,1
BAR FLY,19.42873715,-99.13768026,19.4287-99.1376,1
BAR GIOCONDA,19.43418427,-99.13929818,19.4341-99.1392,1
BAR GOMICHELAS,19.43371902,-99.15849107,19.4337-99.1584,1
BAR GRAN PIANO LOUNG,19.38689002,-99.25287615,19.3868-99.2528,1
BAR HIBRIDO,19.4240859,-99.16605199,19.4240-99.1660,1
BAR ICE CLUB,19.29605115,-99.13322068,19.2960-99.1332,1
BAR KARAOKE EL PALOMAZO,19.38716463,-99.15407512,19.3871-99.1540,1
BAR LA 5TA DE MADERO,19.43389743,-99.13911935,19.4338-99.1391,1
BAR LA BARTOLA,19.29177035,-99.21700083,19.2917-99.2170,1
BAR LA CERDA DEL PUEBLO,19.24797029,-99.11809911,19.2479-99.1180,1
BAR LA CUEVA,19.32345094,-99.17284374,19.3234-99.1728,1
BAR LA DEL ESTRIBO,19.29542049,-99.13340234,19.2954-99.1334,1
BAR LA ENVIDIA,19.2175667,-99.10121568,19.2175-99.1012,1
BAR LA …POCA,19.42801111,-99.13815977,19.4280-99.1381,1
BAR LA ESCENA,19.43273882,-99.15072427,19.4327-99.1507,1
BAR LA ESTRELLA,19.42216679,-99.12140676,19.4221-99.1214,1
BAR LA FACULTAD,19.41692945,-99.16544908,19.4169-99.1654,1
BAR LA GUARDERIA,19.4287544,-99.12301713,19.4287-99.1230,1
BAR LA INDIA,19.42997067,-99.13875485,19.4299-99.1387,1
BAR LA MASCOTA,19.43297105,-99.1429311,19.4329-99.1429,1
BAR LA PROMESA,19.29539092,-99.06909352,19.2953-99.0690,1
BAR LA QUEBRADA,19.41758057,-99.14119356,19.4175-99.1411,1
BAR LA REFORMA DE BUCARELI,19.43317791,-99.1494239,19.4331-99.1494,1
BAR LA TABERNA,19.31609867,-99.07243699,19.3160-99.0724,1
BAR LA VAQUITA,19.42865491,-99.13687755,19.4286-99.1368,1
BAR LAS FRIAS,19.39261269,-99.07757704,19.3926-99.0775,1
BAR LAS HIJAS DE QUETZALCOATL,19.49517068,-99.11873709,19.4951-99.1187,1
BAR LAS JACARANDAS,19.42812124,-99.14281613,19.4281-99.1428,1
BAR LAS MACETAS,19.44185405,-99.11608794,19.4418-99.1160,1
BAR LE TOUCH,19.42681796,-99.1660104,19.4268-99.1660,1
BAR LILI,19.41107703,-99.08357564,19.4110-99.0835,1
BAR LOS BRODERS,19.30479799,-99.0865362,19.3047-99.0865,1
BAR LOS CALDOS,19.42379309,-99.13198342,19.4237-99.1319,1
BAR LOS ESPEJOS,19.44234232,-99.09139634,19.4423-99.0913,1
BAR LOS HIJOS DE LA CEBADA,19.49396045,-99.12176359,19.4939-99.1217,1
BAR LOS LEONES GRILL,19.39945217,-99.1508975,19.3994-99.1508,1
BAR MALA COPA,19.39053626,-99.15634188,19.3905-99.1563,1
BAR MANCERA,19.43145,-99.13786,19.4314-99.1378,1
BAR MI GUSTO ES,19.24531972,-99.24226861,19.2453-99.2422,1
BAR MI RANCHITO,19.41486992,-99.07500583,19.4148-99.0750,1
BAR MIRAMAR,19.43374125,-99.14684698,19.4337-99.1468,1
BAR MKD,19.42248146,-99.17267431,19.4224-99.1726,1
BAR MOYS,19.43464787,-99.15952399,19.4346-99.1595,1
BAR NICE NICE,19.41597334,-99.09581616,19.4159-99.0958,1
BAR NISOTO,19.42671635,-99.1393315,19.4267-99.1393,1
BAR NOCTURNO GATO CALAVERA,19.42184545,-99.16359776,19.4218-99.1635,1
BAR ORIENTE 181,19.42005695,-99.16529426,19.4200-99.1652,1
BAR OXFORD,19.43745717,-99.152097,19.4374-99.1520,1
BAR POLO,19.44124297,-99.13961431,19.4412-99.1396,1
BAR PONG BAR,19.42073913,-99.16990172,19.4207-99.1699,1
BAR PULMEZ,19.4371961,-99.14978932,19.4371-99.1497,1
BAR PUNTO SUR,19.41612304,-99.16559563,19.4161-99.1655,1
BAR Q-BETA,19.29602036,-99.13314245,19.2960-99.1331,2
BAR RED CITY,19.42721509,-99.16036604,19.4272-99.1603,1
BAR RESTAURANT LAS PECOSAS,19.4374478,-99.13857667,19.4374-99.1385,1
BAR RESTAURANTE ELDEPOSITO,19.40579138,-99.17632792,19.4057-99.1763,1
BAR RESTAURANTE TABOO,19.4240276,-99.1531895,19.4240-99.1531,1
BAR RICO CLUB,19.42662763,-99.16263626,19.4266-99.1626,1
BAR RINCON CERVECERO,19.40433752,-99.16055676,19.4043-99.1605,1
BAR SEGUNDO PISO,19.48054255,-99.18655102,19.4805-99.1865,1
BAR SHAWARAMA,19.47757837,-99.19113167,19.4775-99.1911,1
BAR TANOS,19.26816094,-99.15846208,19.2681-99.1584,1
BAR THE BABILON CLUB,19.42690485,-99.16542862,19.4269-99.1654,1
BAR THE SIXTIES,19.41289099,-99.16671261,19.4128-99.1667,1
BAR TINTOS BY OPEN HOUSE,19.43323543,-99.14438691,19.4332-99.1443,2
BAR TLACHIQUERO,19.42199294,-99.15550505,19.4219-99.1555,1
BAR UTA,19.43623165,-99.1353871,19.4362-99.1353,1
BAR VILLA HERMOSA,19.4145542,-99.13640138,19.4145-99.1364,1
"BAR, CANTINA O SIMILAR SIN NOMBRE",19.47347499,-99.15743568,19.4734-99.1574,1
"BAR, CANTINA O SIMILAR SIN NOMBRE",19.4808731,-99.20488681,19.4808-99.2048,1
BARBAS BAS,19.38893804,-99.1857931,19.3889-99.1857,1
"BARES, CANTINAS Y SIMILARES",19.43537225,-99.13544055,19.4353-99.1354,1
BAREZZITO,19.38719436,-99.25244827,19.3871-99.2524,1
BARRA DEVINOS,19.44184743,-99.18314572,19.4418-99.1831,1
BARRA URBANA,19.42824324,-99.13860397,19.4282-99.1386,1
BARRITA REGINA,19.42826277,-99.13871202,19.4282-99.1387,1
BBQ,19.44092139,-99.18172013,19.4409-99.1817,1
BEBIDAS FREXONAS,19.29666922,-99.05629277,19.2966-99.0562,1
BEBIDAS MEXICANAS PREISPANICAS,19.27490983,-98.99877415,19.2749-98.9987,1
BEBIDAS PREPARADAS Y PELICULAS,19.37320446,-99.03776638,19.3732-99.0377,1
BEER BANK,19.40659811,-99.17300236,19.4065-99.1730,1
BEER COMPANY,19.33852685,-99.11310234,19.3385-99.1131,1
BEER PLAY,19.36625605,-99.18123162,19.3662-99.1812,2
BEER STOP ALITAS BURGE & GRILL,19.4353423,-99.17051631,19.4353-99.1705,2
BEER STOP INSURGENTES,19.39727625,-99.17115367,19.3972-99.1711,1
BEER WINGS,19.27850075,-99.22406354,19.2785-99.2240,1
BERRA GAVIA,19.40700967,-99.17826888,19.4070-99.1782,1
BETOS BAR,19.40761285,-99.12145061,19.4076-99.1214,1
BIG YELLOW BAR,19.36717072,-99.26393654,19.3671-99.2639,1
BLACK & BEAR,19.41215665,-99.17922616,19.4121-99.1792,1
BLACK DOOK,19.416691,-99.07678557,19.4166-99.0767,1
BLACK MAMA,19.29092015,-99.13082798,19.2909-99.1308,1
BLUE MAGIC,19.35094337,-99.01219641,19.3509-99.0121,1
BLUE WINGS,19.42180617,-99.13685497,19.4218-99.1368,1
BOCCA PIANO CANTABAR,19.42693464,-99.19671188,19.4269-99.1967,1
BODEGA,19.44698715,-99.15797525,19.4469-99.1579,1
BODEGA DE BAR,19.43018999,-99.12342948,19.4301-99.1234,1
BODEGA DE BAR TORITO,19.29955831,-99.10612598,19.2995-99.1061,1
BODEGA DE BEBIDAS LIQUIDAS SIN NOMBRE,19.39171257,-99.16203964,19.3917-99.1620,1
BOM BEER,19.41368491,-99.15602237,19.4136-99.1560,1
BONITOS Y GORDITOS,19.35380896,-99.30853346,19.3538-99.3085,1
BONUS ROOM,19.4353423,-99.17051631,19.4353-99.1705,3
BOOMERS GRILL BAR,19.42683245,-99.16439762,19.4268-99.1643,1
BOSFORO,19.43316615,-99.1451174,19.4331-99.1451,1
BOTANITAS IVON,19.4452264,-99.08722572,19.4452-99.0872,1
BOTELLON EL TIPICO  DEL CALLEJON,19.43213893,-99.19757793,19.4321-99.1975,1
BOY BAR,19.42704419,-99.16599906,19.4270-99.1659,1
BRUS TAP ROOM,19.41674565,-99.16360697,19.4167-99.1636,1
BUCARDON,19.43336486,-99.15068647,19.4333-99.1506,1
BULLDOG,19.33154635,-99.24689661,19.3315-99.2468,1
BURBUFIESTAS MOCTEZUMA,19.27263407,-99.23992598,19.2726-99.2399,1
BURROS COFFE CLUB,19.45718366,-99.16368781,19.4571-99.1636,1
BURROS LOUNGE,19.45712116,-99.16380914,19.4571-99.1638,1
CABA—A LAS SEGURAS,19.28168333,-99.273725,19.2816-99.2737,1
CAFE,19.35881265,-99.00092594,19.3588-99.0009,1
CAF… ¡NGELES Y DEMONIOS,19.42854241,-99.10473025,19.4285-99.1047,1
CAFE BAR SAN FRANCISCO,19.34444019,-99.16740646,19.3444-99.1674,1
CAFE CARAOKE,19.26557726,-99.11368573,19.2655-99.1136,1
CAFE DEL JARDIN,19.43465207,-99.13558767,19.4346-99.1355,1
CAFE KARAOKE ZAVE,19.38142298,-99.06707188,19.3814-99.0670,1
CAF… NUEVA YORK 16,19.39679447,-99.17920963,19.3967-99.1792,1
CAFETERIA MIJIU,19.3722266,-99.28518796,19.3722-99.2851,1
CALAVERAS Y DIALITOS,19.54582733,-99.1345945,19.5458-99.1345,1
CALDOS DE GALLINA EL AGASAJO,19.50959942,-99.19124447,19.5095-99.1912,1
CANTA BAR ESCAPARATE,19.42505046,-99.17763155,19.4250-99.1776,1
CANTA BAR MEXICO,19.38388627,-99.18035687,19.3838-99.1803,1
CANTINA  LA CASTELLANA,19.43432071,-99.15823294,19.4343-99.1582,1
CANTINA & GRILL,19.43100229,-99.1564794,19.4310-99.1564,1
CANTINA BAR DON RAMON,19.43924138,-99.14924976,19.4392-99.1492,1
CANTINA BAR EL FARO DE CADIZ,19.43936684,-99.17368341,19.4393-99.1736,1
CANTINA BAR EL LAURO,19.4258672,-99.14450409,19.4258-99.1445,1
CANTINA BAR EL SELLA,19.41491737,-99.15384422,19.4149-99.1538,1
CANTINA BAR LA NUMANCIA,19.39853896,-99.12422364,19.3985-99.1242,1
CANTINA BAR LA POMPA,19.40824238,-99.14440956,19.4082-99.1444,1
CANTINA BAR LA REFORMA PUGIBET,19.43059919,-99.14318968,19.4305-99.1431,1
CANTINA BAR PORTALES DE TLAQUEPAQUE,19.4305587,-99.13874405,19.4305-99.1387,1
CANTINA CASA ABUNDIO,19.44473028,-99.14961219,19.4447-99.1496,1
CANTINA CHIN CHUN CHAN,19.45600852,-99.18927126,19.4560-99.1892,1
CANTINA COSMOPOLITAN,19.42675326,-99.13464634,19.4267-99.1346,1
CANTINA CUCHILLEROS CANTINA,19.43335415,-99.1569141,19.4333-99.1569,1
CANTINA EL 33,19.43977745,-99.13984407,19.4397-99.1398,1
CANTINA EL BUEN TONO,19.46107411,-99.14007863,19.4610-99.1400,1
CANTINA EL CAUDIILO,19.37144871,-99.18693626,19.3714-99.1869,1
CANTINA EL CENTENARIO,19.41126327,-99.17510939,19.4112-99.1751,1
CANTINA EL CORREO DE ULTRAMAR,19.46301405,-99.11240675,19.4630-99.1124,1
CANTINA EL DIAMANTE,19.42949556,-99.12478486,19.4294-99.1247,1
CANTINA EL EMPORIO,19.37288668,-99.14138011,19.3728-99.1413,1
CANTINA EL FENIX,19.41997618,-99.13374806,19.4199-99.1337,1
CANTINA EL GALLO DE ORO,19.43153671,-99.1385493,19.4315-99.1385,1
CANTINA EL GOLFO DE LE”N,19.43818257,-99.16622196,19.4381-99.1662,1
CANTINA EL IMPERIO,19.34393182,-99.19126913,19.3439-99.1912,1
CANTINA EL LEON DE ORO,19.40335356,-99.1814912,19.4033-99.1814,1
CANTINA EL RECREO,19.40811614,-99.1393943,19.4081-99.1393,1
CANTINA EL SUBMARINO,19.44079223,-99.17080467,19.4407-99.1708,1
CANTINA EL TIO PEPE S DE RL,19.43300541,-99.14291734,19.4330-99.1429,1
CANTINA EL TRESE—O,19.44308246,-99.14629739,19.4430-99.1462,1
CANTINA ESPUELA,19.42871676,-99.12478423,19.4287-99.1247,1
CANTINA FLORIDA,19.33602059,-99.10910154,19.3360-99.1091,1
CANTINA GUADIANA,19.43078546,-99.16280371,19.4307-99.1628,1
CANTINA HIJA DE LA PIRATA,19.41609345,-99.13494447,19.4160-99.1349,1
CANTINA LA BOHEMIA,19.42472957,-99.16529728,19.4247-99.1652,1
CANTINA LA CAMELIA,19.34513504,-99.19101128,19.3451-99.1910,1
CANTINA LA CAMINERA,19.4343063,-99.1820926,19.4343-99.1820,1
CANTINA LA CAMPANA,19.42583526,-99.15286339,19.4258-99.1528,1
CANTINA LA CASTELLANA,19.43065476,-99.14458836,19.4306-99.1445,1
CANTINA LA COLONIAL,19.40065471,-99.18476361,19.4006-99.1847,1
CANTINA LA COLORADA,19.45877215,-99.18389831,19.4587-99.1838,1
CANTINA LA DOMINICA,19.43787901,-99.13550076,19.4378-99.1355,1
CANTINA LA FLOR ASTURIANA,19.43862155,-99.15322351,19.4386-99.1532,1
CANTINA LA FLOR DE VALENCIA SA,19.36997095,-99.18851723,19.3699-99.1885,1
CANTINA LA GLORIA,19.47892151,-99.11931798,19.4789-99.1193,1
CANTINA LA GONDOLA,19.45759919,-99.1258216,19.4575-99.1258,1
CANTINA LA IMPERIAL,19.45955354,-99.19052005,19.4595-99.1905,1
CANTINA LA IMPERIAL,19.36809741,-99.25992676,19.3680-99.2599,1
CANTINA LA INVENCIBLE,19.34393277,-99.19127245,19.3439-99.1912,2
CANTINA LA JALICIENSE,19.28864391,-99.16567727,19.2886-99.1656,1
CANTINA LA LLORONA,19.41617667,-99.16927461,19.4161-99.1692,1
CANTINA LA LUNA,19.48170371,-99.18638135,19.4817-99.1863,1
CANTINA LA MASCOTA,19.42884566,-99.1389624,19.4288-99.1389,1
CANTINA LA MUNDIAL,19.42415531,-99.13959159,19.4241-99.1395,1
CANTINA LA NO 20,19.42697139,-99.19575068,19.4269-99.1957,1
CANTINA LA NO 20 REFORMA,19.42606406,-99.16758595,19.4260-99.1675,1
CANTINA LA NO 20 SANTA FE,19.34590456,-99.18071498,19.3459-99.1807,1
CANTINA LA NO. 7,19.4305499,-99.14285751,19.4305-99.1428,1
CANTINA LA NUEVA FLOR AZTECA,19.45845183,-99.19160378,19.4584-99.1916,1
CANTINA LA NUEVA GUADALUPANA,19.48093043,-99.11840774,19.4809-99.1184,1
CANTINA LA NUEVA LUCHA,19.45331517,-99.12326162,19.4533-99.1232,1
CANTINA LA NUEVA REINA,19.42000048,-99.14648044,19.4200-99.1464,1
CANTINA LA PENINSULAR,19.43095371,-99.1272341,19.4309-99.1272,1
CANTINA LA PERLA,19.45315211,-99.16132038,19.4531-99.1613,1
CANTINA LA POTOSINA,19.43308348,-99.12792532,19.4330-99.1279,1
CANTINA LA PRINCIPAL,19.44722912,-99.13039746,19.4472-99.1303,1
CANTINA LA PRINCIPAL,19.44305062,-99.08371532,19.4430-99.0837,1
CANTINA LA REFORMA,19.45952246,-99.13199843,19.4595-99.1319,1
CANTINA LA TORMENTA,19.45040015,-99.14133473,19.4504-99.1413,1
CANTINA LA ULTRA MARINA,19.41332409,-99.16142366,19.4133-99.1614,1
CANTINA LA UNICA DE LA OBRERA,19.42371068,-99.13752387,19.4237-99.1375,1
CANTINA LA VALENCIANA,19.3967354,-99.14681463,19.3967-99.1468,1
CANTINA LA VICTORIA SPEZZIAL,19.41790513,-99.14477512,19.4179-99.1447,1
CANTINA LAS AMERICAS,19.43399056,-99.14915478,19.4339-99.1491,1
CANTINA LAS BARRICAS SA DE CV,19.4378975,-99.16495852,19.4378-99.1649,1
CANTINA LOS CHENCHOS,19.42385103,-99.13239993,19.4238-99.1323,1
CANTINA MAJESTIC,19.42780663,-99.14606867,19.4278-99.1460,1
CANTINA MEXICO,19.37250375,-99.17277541,19.3725-99.1727,1
CANTINA NEW YORK,19.44525799,-99.1435768,19.4452-99.1435,1
CANTINA NUEVO LEON,19.43029933,-99.13230659,19.4302-99.1323,1
CANTINA PAPAGAYO,19.44313797,-99.1578299,19.4431-99.1578,1
CANTINA PUERTA DEL SOL,19.4421154,-99.17224351,19.4421-99.1722,1
CANTINA RIO DE LA PLATA,19.43732645,-99.13771462,19.4373-99.1377,1
CANTINA RIVIERA DEL SUR,19.41191831,-99.16435645,19.4119-99.1643,1
CANTINA SALON CASINO,19.41791528,-99.14787559,19.4179-99.1478,1
CANTINA SALON ESPA—A,19.43652022,-99.1316826,19.4365-99.1316,1
CANTINA SAL”N PALACIO,19.43732971,-99.14944177,19.4373-99.1494,1
CANTINA SAL”N PARIS,19.44891783,-99.15785081,19.4489-99.1578,1
CANTINA SIN NOMBRE,19.42800364,-99.12334063,19.4280-99.1233,2
CANTINA TERRAZA MADERO,19.43389743,-99.13911935,19.4338-99.1391,2
CANTINA U DE G,19.45061401,-99.14634603,19.4506-99.1463,1
CAPITAN CITY,19.391524,-99.13210909,19.3915-99.1321,1
CASA 19  RESTAURANTE,19.43176846,-99.14017674,19.4317-99.1401,1
CASA DE MICHOACAN AC,19.43003327,-99.15643131,19.4300-99.1564,1
CASA FRANCA,19.41930005,-99.15754423,19.4193-99.1575,1
CASA INDIO,19.42553548,-99.15406643,19.4255-99.1540,1
CASSANAVA ROOTS,19.43065007,-99.19640695,19.4306-99.1964,1
CELESVIS,19.41335739,-99.1570713,19.4133-99.1570,1
CELTICS PUB,19.43487963,-99.145551,19.4348-99.1455,1
CELTIS PUB IRLANDES,19.41225114,-99.17304836,19.4122-99.1730,1
CENTRAL FONK,19.42647197,-99.13235925,19.4264-99.1323,1
CENTRO BOTANERO LAS MAMIS,19.27756194,-99.08184306,19.2775-99.0818,1
CENTRO BOTANERO RINCON DEL BRUJO,19.27756194,-99.08184306,19.2775-99.0818,2
CERVECENTRO ESTRELLA,19.44009613,-99.10733775,19.4400-99.1073,1
CERVECERIA,19.49860968,-99.16108542,19.4986-99.1610,1
CERVECERIA,19.33961765,-99.0402139,19.3396-99.0402,1
CERVECERIA BAR LA CUPULA,19.45367009,-99.0587761,19.4536-99.0587,1
CERVECERIA DEL BARRIO,19.40381638,-99.15306313,19.4038-99.1530,1
CERVECERIA EL BARON ROJO,19.37582726,-99.1976221,19.3758-99.1976,1
CERVECERIA EL GALLO,19.30222212,-99.24591548,19.3022-99.2459,1
CERVECERIA EL MAL PASO,19.43726063,-99.13773538,19.4372-99.1377,1
CERVECERIA EL POCASCHELAS,19.36075672,-99.03984007,19.3607-99.0398,1
CERVECERIA EL RENACIMIENTO,19.43972043,-99.1488673,19.4397-99.1488,1
CERVECERIA EL RINCON CERVECERO,19.35342595,-99.12836902,19.3534-99.1283,1
CERVECERIA GALLO NEGRO,19.43336249,-99.13937533,19.4333-99.1393,1
CERVECERIA JANET,19.4820305,-99.06633777,19.4820-99.0663,1
CERVECERIA LA CHELESTIAL,19.42543999,-99.16368092,19.4254-99.1636,1
CERVECERIA LA CUEVA DEL OSO,19.41641598,-99.07529248,19.4164-99.0752,1
CERVECERIA LA IGUANA,19.37228438,-99.21403296,19.3722-99.2140,1
CERVECERIA LA INDITA,19.4567983,-99.18908567,19.4567-99.1890,1
CERVECERIA LA PLAYA,19.40848697,-99.13741411,19.4084-99.1374,1
CERVECERIA LA SUPERIOR,19.44641464,-99.14734029,19.4464-99.1473,1
CERVECERIA LOS JARROS,19.24560591,-99.00344114,19.2456-99.0034,1
CERVECERIA LOS VAQUEROS,19.47669228,-99.15388454,19.4766-99.1538,1
CERVECERIA LUNA,19.32823907,-99.28449693,19.3282-99.2844,1
CERVECERIA MICHELANDIA,19.44684652,-99.12819424,19.4468-99.1281,1
CERVECERIA NIGHT AND BEER,19.46093192,-99.14039393,19.4609-99.1403,1
CERVECERIA PIERROT,19.35779225,-99.18953587,19.3577-99.1895,1
CERVECERIA SALON PORTALES,19.369554,-99.14368016,19.3695-99.1436,1
CERVECERIA SIN NOMBRE,19.49934757,-99.15853989,19.4993-99.1585,1
CERVECERIA SIN NOMBRE,19.3293508,-99.25215361,19.3293-99.2521,1
CERVECERIA TIO VENUS,19.43971779,-99.07900797,19.4397-99.0790,1
CERVECERIA TOLUCA,19.48125369,-99.18744049,19.4812-99.1874,1
CERVECERIA VILLA DESARRIA,19.4101703,-99.16217053,19.4101-99.1621,1
CERVECERÕA VISCAYA,19.42859713,-99.15247795,19.4285-99.1524,1
CERVECERIA Y CARNES AL CARBON,19.34892002,-99.0346278,19.3489-99.0346,1
CERVECERIA ZACATECAS,19.44971388,-99.16359595,19.4497-99.1635,1
CERVEZA ALE,19.40039395,-99.16853051,19.4003-99.1685,1
CERVEZA HIBRIDA,19.34487266,-99.19256002,19.3448-99.1925,1
CERVEZA PARA LLEVAR CERVECERIA,19.32515027,-99.17281611,19.3251-99.1728,1
CERVEZA Y BOTANAS,19.50566254,-99.17626344,19.5056-99.1762,1
CERVEZA Y JARD÷N DE MêXICO,19.41402455,-99.16461018,19.4140-99.1646,1
CEVICHELAS,19.37182072,-99.04969127,19.3718-99.0496,1
CHANGO PATRIOTISMO,19.38741097,-99.1823578,19.3874-99.1823,1
CHANOS BAR,19.44656452,-99.16272971,19.4465-99.1627,1
CHARLY BEER,19.40098731,-99.13497149,19.4009-99.1349,1
CHATEAU CLUB,19.36073288,-99.18306264,19.3607-99.1830,1
CHEERS PUB SNAKC SHOP,19.42359728,-99.15421048,19.4235-99.1542,1
CHELADAS GREEN,19.3956111,-99.14780694,19.3956-99.1478,1
CHELERIA,19.44751455,-99.1273233,19.4475-99.1273,1
CHELERIA CARRANZA,19.44449137,-99.13060214,19.4444-99.1306,1
CHELERIA LA TENTACION,19.45464118,-99.10975063,19.4546-99.1097,1
CHELERIA VOLKS BIER,19.34868041,-99.06219522,19.3486-99.0621,1
CHELODROMO,19.25429337,-99.17649228,19.2542-99.1764,1
CHIHUAHUAS BEAR,19.46453376,-99.1773583,19.4645-99.1773,1
CHINAMPA DEL AHORCADO,19.27756194,-99.08184306,19.2775-99.0818,3
CHINAMPA LAS CATRINAS,19.27756194,-99.08184306,19.2775-99.0818,4
CHOMWINGS,19.44618883,-99.15753183,19.4461-99.1575,1
CHUCHO CHELAS,19.46866015,-99.07144746,19.4686-99.0714,1
CHUCHO CHELAS MIRAMONTES,19.30784084,-99.12391862,19.3078-99.1239,1
CIGARPOINT,19.41404084,-99.16452719,19.4140-99.1645,1
CLUB DE NUTRICION,19.40967321,-99.05934426,19.4096-99.0593,1
COCINA ECONOMICA LOS NARANJOS,19.29955076,-99.10633646,19.2995-99.1063,1
COCKTAIL BAR DON CARAJO,19.38550075,-99.17651202,19.3855-99.1765,1
COLITAS BAR,19.48614597,-99.15396442,19.4861-99.1539,1
COMBATE PULQUERIA,19.32866214,-99.15979033,19.3286-99.1597,1
COMERCIALES RESTAURANTS TORS& BAR,19.39011783,-99.15323145,19.3901-99.1532,1
CONTRABARRA,19.43295122,-99.20858786,19.4329-99.2085,1
CRAZY POTIONS,19.43389802,-99.14100824,19.4338-99.1410,1
CREPAS Y CHILATE,19.30942769,-99.15387642,19.3094-99.1538,1
CROOKED HORNS,19.42822661,-99.15536604,19.4282-99.1553,1
CRUDANDERO BAR Y SNAKS,19.3909018,-99.14480312,19.3909-99.1448,1
CUCAPA BREWING CO,19.36721028,-99.18149735,19.3672-99.1814,1
CUEVA DE LOBOS KARAOKE BAS,19.28223913,-99.00937313,19.2822-99.0093,1
DA KOMBI BEER,19.38384326,-99.1463503,19.3838-99.1463,1
DEBARBAS,19.39082337,-99.17688569,19.3908-99.1768,1
DELETE SOULS COCKTAIL THE QUE,19.4120406,-99.1735771,19.4120-99.1735,1
DESAYUNADOR HERBALAY,19.34248233,-99.11672404,19.3424-99.1167,1
DESAYUNOS HERBALIFE,19.39972256,-99.06019067,19.3997-99.0601,1
DICHARACHERO,19.26488593,-99.17177425,19.2648-99.1717,1
DISCOTECA ARKEID,19.41149231,-99.16252504,19.4114-99.1625,1
DKDAS RESTAURANT BAR KAROAKE,19.39237916,-99.14734098,19.3923-99.1473,1
DO HA SAN ANGEL BAR,19.34643666,-99.18803707,19.3464-99.1880,1
DOBERMAN BAR CENTRO,19.43389743,-99.13911935,19.4338-99.1391,3
DOBLE MALTA,19.37047874,-99.17538339,19.3704-99.1753,1
DOGS BAR,19.38922332,-99.26135633,19.3892-99.2613,1
DONKEY Y PORK SPORT BAR,19.39871393,-99.08315083,19.3987-99.0831,1
DONKEY Y PORK SPORTS,19.38865302,-99.07571422,19.3886-99.0757,1
DUKES BEEF & BEER,19.40216941,-99.14338294,19.4021-99.1433,1
EL 152,19.40878679,-99.17620357,19.4087-99.1762,1
EL APRECIO ROKC PLACE,19.45629045,-99.16695779,19.4562-99.1669,1
EL ASERRIN,19.41204951,-99.17319951,19.4120-99.1731,1
EL BALUARTE DE ORO,19.40898431,-99.12608351,19.4089-99.1260,1
EL BOTELLON,19.4101165,-99.1749923,19.4101-99.1749,1
EL BUEN DEL PUERCO RESTAURANTE BAR,19.45090754,-99.15915003,19.4509-99.1591,1
EL BUEN TRAGO,19.4011149,-99.16248346,19.4011-99.1624,1
EL CANTON,19.28532685,-99.03643522,19.2853-99.0364,1
EL CAPITOLIO,19.37398807,-99.17960832,19.3739-99.1796,1
EL CARLINO,19.40761817,-99.18888489,19.4076-99.1888,1
EL CHELODROMO,19.39076934,-99.08587406,19.3907-99.0858,1
EL CLUB RODANTE,19.393185,-99.08942531,19.3931-99.0894,1
EL DEPOSITO,19.29633646,-99.13313185,19.2963-99.1331,1
EL DEPOSITO HERMOSILLO,19.40195139,-99.16966895,19.4019-99.1696,1
EL DEPOSITO NAPOLES,19.42690784,-99.16001165,19.4269-99.1600,1
EL DEP”SITO WORDL BEER STORE,19.42700688,-99.1362037,19.4270-99.1362,2
EL DESESTRES,19.40364198,-99.13745205,19.4036-99.1374,1
EL DESESTREZ MICHELADAS,19.34234756,-99.28176846,19.3423-99.2817,1
EL FOCO LOCO,19.39943636,-99.0976356,19.3994-99.0976,1
EL FRONTON 1946,19.35229756,-99.16285746,19.3522-99.1628,1
EL GALLO CERVECERO,19.41260636,-99.1666451,19.4126-99.1666,1
EL GARAGE,19.38797704,-99.20164095,19.3879-99.2016,1
EL HIJO DEL CUERVO,19.34973309,-99.16402071,19.3497-99.1640,1
EL HIJO DESOBEDIENTE,19.42769099,-99.17034343,19.4276-99.1703,1
EL JAIBOL,19.34285386,-99.18936686,19.3428-99.1893,1
EL MAL QUERIDO,19.47297007,-99.18943306,19.4729-99.1894,1
EL MERENDERO DE BORCA,19.35263972,-99.28442353,19.3526-99.2844,1
EL MERENDERO DE SAN MATEO,19.35090868,-99.14755557,19.3509-99.1475,1
EL MESON DE LA INDEPENDENCIA,19.3802337,-99.14333125,19.3802-99.1433,1
EL MEXICANITO,19.35917972,-99.13532993,19.3591-99.1353,1
EL MITOTE,19.41415037,-99.16523683,19.4141-99.1652,1
EL MONASTERIO DE LAS CERVEZAS,19.44716942,-99.18236303,19.4471-99.1823,1
EL NERVION,19.3914959,-99.07410223,19.3914-99.0741,1
EL PADRINO,19.29988939,-99.10463635,19.2998-99.1046,1
EL PUNTO,19.44574274,-99.21696602,19.4457-99.2169,1
EL RECREO DE MANZANARES,19.4299715,-99.12627551,19.4299-99.1262,1
EL RIBS CERVECERIA,19.49149366,-99.19628659,19.4914-99.1962,1
EL RINCON BOTANERO,19.21932138,-98.99471226,19.2193-98.9947,1
EL SHEVE DE COAPA,19.28644985,-99.12874943,19.2864-99.1287,1
EL SONORENCE GRILL AND BAR,19.37755074,-99.14791669,19.3775-99.1479,1
EL TAPATIO,19.4363859,-99.15984518,19.4363-99.1598,1
EL TARRO DE COYOACAN,19.34848654,-99.16340232,19.3484-99.1634,1
EL TERCER TIEMPOI,19.40996598,-99.12152528,19.4099-99.1215,1
EL TORITO,19.29955831,-99.10612598,19.2995-99.1061,2
EL TORO,19.35862647,-99.00093292,19.3586-99.0009,1
EL VASO ROJO,19.39151205,-99.16062001,19.3915-99.1606,1
EN VIVO CANTA BAR,19.35802474,-99.27720243,19.3580-99.2772,1
ER SALON ALDO ALCANTARA VIP ES COMO DISCO,19.42478614,-99.16482018,19.4247-99.1648,1
ESSAI,19.40793879,-99.17242071,19.4079-99.1724,1
ESTABLECIMIENTO DE RESTAURANTE BAR LA RESAKA,19.44464969,-99.14529187,19.4446-99.1452,1
EXPENDIO DE PULQUE,19.21081783,-98.97057002,19.2108-98.9705,1
EXPENDIO DE PULQUE LOS ANGELES,19.33567177,-99.21085976,19.3356-99.2108,1
EXPENDIO DE PULQUE LOS PASEOS DE SANTA ANITA,19.3570609,-99.16360213,19.3570-99.1636,1
EXPENDIO DE PULQUE NOMAS NO LLORES,19.27951057,-99.13492264,19.2795-99.1349,1
EXPENDIO DE PULQUE SIN NOMBRE,19.24608298,-99.01721708,19.2460-99.0172,1
EXPENDIO DE PULQUES TE VOLVÕ A VER,19.25322486,-99.01107464,19.2532-99.0110,1
EXPENDIO MALA VIDA,19.41610446,-99.15431973,19.4161-99.1543,1
FE DE CIEGOS BODEGA,19.31039658,-99.10819735,19.3103-99.1081,1
FLOWERS,19.34760656,-99.01452385,19.3476-99.0145,1
FLY BOYS,19.50302436,-99.20521224,19.5030-99.2052,1
FONDA SNAKS LAS MICHES DEL RO,19.36099667,-99.11506171,19.3609-99.1150,1
FORO DE ARTES Y MEDIOS EXPERIMENTALES,19.42774281,-99.16354073,19.4277-99.1635,1
FRICE FRITO BAJO CERO,19.49121057,-99.13359287,19.4912-99.1335,1
FROGS BEER,19.45037104,-99.09503779,19.4503-99.0950,1
FRUTAS LEGUMBRES TEPACHE Y AGUA DE COCO,19.44388812,-99.09999785,19.4438-99.0999,1
GAELUS WINGS,19.30493828,-99.06178297,19.3049-99.0617,1
GARAGE,19.40878679,-99.17620357,19.4087-99.1762,2
GARAGE MODELO,19.44951616,-99.16200774,19.4495-99.1620,1
HAMBURGUESAS Y MICHES,19.33002214,-99.25247968,19.3300-99.2524,1
HARD BAR,19.41567094,-99.06880092,19.4156-99.0688,1
HBLUE,19.41496554,-99.09482894,19.4149-99.0948,1
HERBALIFE,19.40969277,-99.05947097,19.4096-99.0594,1
HERBALIFE CLUB LAS MARIPOSAS,19.2938151,-99.0145596,19.2938-99.0145,1
HOP 4,19.43790127,-99.19507053,19.4379-99.1950,1
HOP THE BEER EXPERIENCE,19.38695841,-99.15682481,19.3869-99.1568,1
HUNTERS,19.48543743,-99.18989461,19.4854-99.1898,1
ICHNIU PULQUERIA BAR,19.44665399,-99.15587164,19.4466-99.1558,1
IDARIS DOMI,19.47297007,-99.18943306,19.4729-99.1894,2
INCANTATUM,19.40500272,-99.18464908,19.4050-99.1846,1
JACK VILLA,19.29493372,-99.07340523,19.2949-99.0734,1
JAIBOL,19.30218219,-99.12485356,19.3021-99.1248,1
JALAPE—OS POP. RESTAURANTE BAR,19.42720253,-99.1645885,19.4272-99.1645,2
JALEO BAR DE TAPAS,19.42998228,-99.19744773,19.4299-99.1974,1
JARDIN CERVECERO BAR,19.28490597,-99.17582211,19.2849-99.1758,1
JUANA LA LOCA,19.41722713,-99.16918526,19.4172-99.1691,1
JUGOS DE PULQUE Y ACCESORIOS,19.32839407,-99.10114749,19.3283-99.1011,1
JULYS BEER,19.4423398,-99.11178984,19.4423-99.1117,1
JUPITER CERVECERIA,19.3487148,-99.16114052,19.3487-99.1611,1
JUZ NATUREL,19.41546252,-99.15103466,19.4154-99.1510,1
KARAOKE BAR BEER GARDEN ROMA,19.42202105,-99.16566264,19.4220-99.1656,1
KARAOKE ECLIPSE,19.32897411,-99.25395166,19.3289-99.2539,1
KARAOKE MELODIKA,19.42418498,-99.16610305,19.4241-99.1661,1
KENNEDY SOCIAL ROOM,19.4318669,-99.19812965,19.4318-99.1981,1
KENZO ROOM,19.340321,-99.06454144,19.3403-99.0645,1
KING S PUB,19.41159683,-99.17217732,19.4115-99.1721,1
KINGS PUB,19.33843686,-99.19315514,19.3384-99.1931,1
KINKY BAR,19.42714216,-99.16617805,19.4271-99.1661,1
KSB KARAOKE SUSHI BAR,19.32194025,-99.09523479,19.3219-99.0952,1
LA  BOTANA,19.46498108,-99.16999803,19.4649-99.1699,1
LA B.T.K,19.4665195,-99.18653305,19.4665-99.1865,1
LA BELLA CANDE,19.42761693,-99.10912605,19.4276-99.1091,1
LA BELLA CAROLINA,19.40941961,-99.1197784,19.4094-99.1197,1
LA BOTANA. SANACKS BEER,19.41673214,-99.11779804,19.4167-99.1177,1
LA BOTICA BAR  CARLOS ALBERTO JIMENEZMAZO,19.30298374,-99.11282397,19.3029-99.1128,1
LA BTK,19.43516062,-99.20132056,19.4351-99.2013,1
LA CAMINERARESTAURANTE,19.35032673,-99.21840598,19.3503-99.2184,1
LA CANTINA LA TERCERA RONDA,19.43186971,-99.19816078,19.4318-99.1981,2
LA CARIBE—A,19.43144493,-99.14977573,19.4314-99.1497,1
LA CASA DEL ABOGADO,19.42077779,-99.15066414,19.4207-99.1506,1
LA CASONA DE DO—A INES,19.42697702,-99.13575342,19.4269-99.1357,1
LA CATEDRAL DEL PULQUE,19.41842024,-99.1380223,19.4184-99.1380,1
LA CAVA DEL POMO,19.41435766,-99.09305595,19.4143-99.0930,1
LA CELESTINA,19.34855514,-99.1619489,19.3485-99.1619,1
LA CELULA,19.44713027,-99.15869865,19.4471-99.1586,1
LA CERVECERÕA,19.37732277,-99.16071081,19.3773-99.1607,1
LA CERVECERIA DE BARRIO,19.43277598,-99.1832868,19.4327-99.1832,1
LA CERVECERIA DE BARRIO,19.41113391,-99.17692541,19.4111-99.1769,1
LA CERVECERIA DE BARRIO,19.42786018,-99.17036511,19.4278-99.1703,1
LA CERVECERIA DE BARRIO,19.36755387,-99.25977103,19.3675-99.2597,1
LA CERVECERIA DE BARRIO,19.43490099,-99.14567778,19.4349-99.1456,1
LA CERVECERIA DE BARRIO,19.4140781,-99.16433739,19.4140-99.1643,1
LA CERVECERIA DE BARRIO,19.41817776,-99.15916259,19.4181-99.1591,1
LA CERVECERIA DE BARRIO,19.38218054,-99.08319639,19.3821-99.0831,1
LA CERVECERIA DE BARRIO,19.31568997,-99.12465294,19.3156-99.1246,1
LA CERVECERIA DE BARRIO,19.44617182,-99.15189148,19.4461-99.1518,1
LA CERVECERIA DE BARRIO,19.41962363,-99.16700388,19.4196-99.1670,1
LA CERVECERIA DE BARRIO,19.36841267,-99.18088356,19.3684-99.1808,1
LA CERVECERIA DE BARRIO,19.34132285,-99.19118196,19.3413-99.1911,1
LA CERVECERIA DE BARRIO,19.42977084,-99.19705637,19.4297-99.1970,1
LA CERVECERIA DE BARRIO,19.35944992,-99.27906668,19.3594-99.2790,1
LA CERVECERIA DE BARRIO,19.30272148,-99.18989476,19.3027-99.1898,1
LA CERVECERIA DE BARRIO,19.41750642,-99.12983108,19.4175-99.1298,1
LA CERVECERIA DE BARRIO,19.48697504,-99.15134658,19.4869-99.1513,1
LA CERVECERIA DE BARRIO,19.36237259,-99.27520041,19.3623-99.2752,1
LA CERVECERIA DE BARRIO,19.4845644,-99.13357333,19.4845-99.1335,1
LA CERVECERÕA DE BARRIO,19.34967689,-99.16380138,19.3496-99.1638,1
LA CERVECERIA DEL BARRIO,19.41229269,-99.17214701,19.4122-99.1721,1
LA CHAVELA,19.3692049,-99.18024532,19.3692-99.1802,1
LA CHELA,19.39113246,-99.17301462,19.3911-99.1730,1
LA CHELADA,19.36982327,-99.18423456,19.3698-99.1842,1
LA CHELADA,19.42899788,-99.15936121,19.4289-99.1593,1
LA CHELERIA,19.46967754,-99.14523362,19.4696-99.1452,1
LA CHELOCA,19.31482816,-99.15214775,19.3148-99.1521,1
LA CHEVE CHEVE,19.32559027,-99.12456983,19.3255-99.1245,1
LA CHOPERIA,19.31224563,-99.06969515,19.3122-99.0696,1
LA CHULADA,19.42698494,-99.13518746,19.4269-99.1351,1
LA COBACCHITA DE LA REFORMA,19.40190149,-99.14595061,19.4019-99.1459,1
LA COSA NOSTRA DE LA CASONA ARGENTINA,19.42387129,-99.15400227,19.4238-99.1540,1
LA COYOACANA,19.3489809,-99.16136554,19.3489-99.1613,1
LA DEPORTIVA MX,19.38496594,-99.15636466,19.3849-99.1563,1
LA DESTILERIA,19.42903525,-99.16222342,19.4290-99.1622,1
LA DESTILERIA,19.4384616,-99.20769376,19.4384-99.2076,1
LA DESTILERIA SANTA FE,19.36115097,-99.27913075,19.3611-99.2791,1
LA GAYTA PUSSY BAR,19.42699099,-99.16597125,19.4269-99.1659,1
LA GAYTA PUSSY BAR,19.42699099,-99.16597125,19.4269-99.1659,2
LA GLORIA BEBIDAS,19.34572448,-99.07314796,19.3457-99.0731,1
LA GRACIELA TALLER DE CERVEZA,19.41479182,-99.15896559,19.4147-99.1589,1
LA HIJA DE LA COLONIA,19.38712042,-99.06706661,19.3871-99.0670,1
LA HIJA DE LOS APACHES,19.42379079,-99.1525009,19.4237-99.1525,1
LA HIJA DEL TRIUNFO,19.38802015,-99.03466598,19.3880-99.0346,1
LA KURDA RESTAURANTE BAR,19.29171641,-99.21701818,19.2917-99.2170,2
LA MALQUERIDA,19.44698715,-99.15797525,19.4469-99.1579,2
LA MANSION DEL BOHEMIO OFICIAL,19.27579265,-99.00599472,19.2757-99.0059,1
LA MENTIROSA,19.31890378,-99.13036372,19.3189-99.1303,1
LA MESA DEL RINCON,19.2324094,-99.19227052,19.2324-99.1922,1
LA MODERNA SEVILLANA,19.4186721,-99.14454316,19.4186-99.1445,1
LA NATIVA,19.43389743,-99.13911935,19.4338-99.1391,4
LA NUEVA EXCELENCIA,19.43737604,-99.13807783,19.4373-99.1380,2
LA OFICINA DE JUVE,19.42493222,-99.13955421,19.4249-99.1395,1
LA PARADA 72,19.44092189,-99.08922731,19.4409-99.0892,1
LA PERDIDA CERVECERIA,19.3988166,-99.15125047,19.3988-99.1512,1
LA PLANTA DE LAS MARAVILLAS,19.23505655,-99.11442457,19.2350-99.1144,1
LA POXERIA,19.41973008,-99.16786016,19.4197-99.1678,1
LA PRINCIPAL,19.41482912,-99.15897479,19.4148-99.1589,1
LA PRINCIPAL DE BUENAVISTA,19.30320364,-99.24746132,19.3032-99.2474,1
LA PUERTA DE ALCAL¡,19.4318669,-99.19812965,19.4318-99.1981,3
LA PURI,19.43736672,-99.13901173,19.4373-99.1390,1
LA QUE MANDA CENTRO,19.43351483,-99.13718325,19.4335-99.1371,1
LA REFORMA DE LA CARAMBOLA,19.4693232,-99.16533775,19.4693-99.1653,1
LA REINA DE SAN PABLO,19.42592963,-99.12883711,19.4259-99.1288,1
LA REINA XOCHITL,19.41573787,-99.09184159,19.4157-99.0918,1
LA REYNA XOCHITL,19.45241575,-99.15691785,19.4524-99.1569,1
LA ROMERIA,19.41572609,-99.15526441,19.4157-99.1552,1
LA RUTA DEL BIKER,19.42785033,-99.10900164,19.4278-99.1090,1
LA SAETA,19.29955831,-99.10612598,19.2995-99.1061,3
LA SUPERIOR,19.4464099,-99.14734145,19.4464-99.1473,2
LA TABERNA,19.44492977,-99.12563314,19.4449-99.1256,1
LA TREGUA RESTAURANTE CERVECERIA,19.36935082,-99.17658149,19.3693-99.1765,1
LA TUBERIA SNACK Y BEER,19.37149156,-99.1365714,19.3714-99.1365,1
LA VANIDOSA,19.33547445,-99.17705032,19.3354-99.1770,1
LA VIKINGA,19.42910233,-99.14213667,19.4291-99.1421,1
LAS 4 MILPAS,19.3856191,-99.21520119,19.3856-99.2152,1
LAS ALITAS DE LOSSANTOS,19.29268203,-99.13602275,19.2926-99.1360,1
LAS ALITAS DEL PATRON,19.47546099,-99.20020923,19.4754-99.2002,1
LAS ALITAS DEL RELOJ,19.35212901,-99.02443502,19.3521-99.0244,1
LAS AZTECANAS,19.40965187,-99.08967823,19.4096-99.0896,1
LAS CATINAS,19.25001702,-99.10099443,19.2500-99.1009,1
LAS CHELUKAS,19.32598137,-99.24605548,19.3259-99.2460,1
LAS MEZCLADAS,19.38457015,-99.09386952,19.3845-99.0938,1
LAS MICHELOCADAS,19.35301385,-99.02692675,19.3530-99.0269,1
LAS PATRONAS,19.47105968,-99.12945817,19.4710-99.1294,1
LEMON THIRTEEN BAR,19.42472957,-99.16529728,19.4247-99.1652,2
LIBRE BAR,19.35806341,-99.02610387,19.3580-99.0261,1
LITROS Y METROS,19.37844526,-99.09580302,19.3784-99.0958,1
LOFT,19.41255181,-99.17203057,19.4125-99.1720,1
LONCHERIA LOS COSTEROS,19.45685736,-99.19001032,19.4568-99.1900,1
LONCHERIA PARIS DE NOCHE,19.45699358,-99.19001055,19.4569-99.1900,1
LOS 3 GALLOS RESTAURANTE BAR,19.42367278,-99.16399532,19.4236-99.1639,1
LOS ALEBRIJES DEL SUR,19.29390324,-99.06140926,19.2939-99.0614,1
LOS ARCOS,19.37898844,-99.09391228,19.3789-99.0939,1
LOS COSTILLARES,19.44948629,-99.19515784,19.4494-99.1951,1
LOS FAMOSOS DE LA FAMA,19.25788472,-99.17366691,19.2578-99.1736,1
LOS INSURGENTES,19.41902359,-99.16424242,19.4190-99.1642,1
LOS MURALES,19.32652068,-99.17348272,19.3265-99.1734,1
LOS NADIES RESTAURANTE BAR,19.25902684,-99.10571388,19.2590-99.1057,1
LOS TARROS DE SAN RAFAEL,19.43691127,-99.15710851,19.4369-99.1571,1
LOS TOCAYOS,19.44612005,-99.12930336,19.4461-99.1293,1
LOS UNIVERSITARIOS UNICHAMPS,19.39220583,-99.16249133,19.3922-99.1624,1
LOUNGE Y GRILL STUDIO TACO,19.34057417,-99.13322722,19.3405-99.1332,1
LUPULO IMPERIAL,19.30994605,-99.2233632,19.3099-99.2233,1
M G VINO Y CERVEZA,19.3923227,-99.17857303,19.3923-99.1785,1
MACHO VIP DANCE BAR,19.42612059,-99.16553191,19.4261-99.1655,1
MAGIC BAR,19.44173274,-99.09826816,19.4417-99.0982,1
MAMARUMBA,19.33843686,-99.19315514,19.3384-99.1931,2
MARIA PISTOLAS,19.42537575,-99.13913931,19.4253-99.1391,1
MAXINE,19.34299075,-99.18931886,19.3429-99.1893,1
MC CARTHYS IRISH PUB,19.36809741,-99.25992676,19.3680-99.2599,2
MERENDERIA MARIANO,19.34430369,-99.03468442,19.3443-99.0346,1
MERENDERO,19.43881638,-99.09978597,19.4388-99.0997,1
MERENDERO CERVANTES,19.13461342,-99.17337209,19.1346-99.1733,1
MERENDERO LA REYNA,19.42537575,-99.13913931,19.4253-99.1391,2
METAL BROTHERS BAR,19.41744495,-99.15446411,19.4174-99.1544,1
METROPOLITANA CERVECERA,19.401601,-99.14600039,19.4016-99.1460,1
MEZCAL ENVIDIOSO,19.42288977,-99.12745684,19.4228-99.1274,1
MEZCALERIA LA BOTICA,19.42700983,-99.16610961,19.4270-99.1661,1
MEZCALERÕA LA BOTICA,19.41484957,-99.15897984,19.4148-99.1589,2
MEZCALERIA MUNDANA,19.43631309,-99.14616912,19.4363-99.1461,1
MI MOJITO,19.4353423,-99.17051631,19.4353-99.1705,4
MICHEBOTANAS ANDREA,19.22134037,-99.20367011,19.2213-99.2036,1
MICHELADAS,19.32438825,-99.05967783,19.3243-99.0596,1
MICHELADAS,19.37139585,-99.04836175,19.3713-99.0483,1
MICHELADAS,19.35220395,-99.02441991,19.3522-99.0244,1
MICHELADAS,19.35203546,-99.00043689,19.3520-99.0004,1
MICHELADAS,19.34221783,-99.05398759,19.3422-99.0539,1
MICHEL-ADAS,19.42761543,-99.16382395,19.4276-99.1638,1
MICHELADAS DON CANGREJO,19.19913091,-99.10477067,19.1991-99.1047,1
MICHELADAS DREAMS,19.47133267,-99.15895617,19.4713-99.1589,1
MICHELADAS EL GUERO,19.44495049,-99.12872356,19.4449-99.1287,1
MICHELADAS EL JR.,19.25386739,-99.00927556,19.2538-99.0092,1
MICHELADAS EL SANTUARIO,19.22447637,-99.20073029,19.2244-99.2007,1
MICHELADAS EL XITLE,19.2354086,-99.2179382,19.2354-99.2179,1
MICHELADAS HOUSE,19.2994857,-99.07180994,19.2994-99.0718,1
MICHELADAS LA BODEGA,19.44506766,-99.08194797,19.4450-99.0819,1
MICHELADAS LA FREGADA,19.47941315,-99.18844528,19.4794-99.1884,1
MICHELADAS LA MANZANA DE LA DISCORDIA,19.44318994,-99.12856848,19.4431-99.1285,1
MICHELADAS LA MONERA,19.2324094,-99.19227052,19.2324-99.1922,2
MICHELADAS LAS MAMALONAS,19.34233824,-99.10219691,19.3423-99.1021,1
MICHELADAS LAS MESCLADAS,19.39225315,-99.08316912,19.3922-99.0831,1
MICHELADAS LOS TARROS,19.26926129,-99.21601834,19.2692-99.2160,1
MICHELADAS MONKY,19.47895533,-99.14700023,19.4789-99.1470,1
MICHELADAS NIVEL,19.44442391,-99.09189399,19.4444-99.0918,1
MICHELADAS SIN NOMBRE,19.44517261,-99.12735872,19.4451-99.1273,1
MICHELADAS Y ALITAS,19.36070655,-99.28341653,19.3607-99.2834,1
MICHELADAS Y BEBIDAS PREPARADAS,19.34984058,-99.02089508,19.3498-99.0208,1
MICHELADAS Y BOTANAS LA 34,19.37286394,-99.20703711,19.3728-99.2070,1
MICHELADAS Y CHICHARRONES,19.37255182,-99.00796524,19.3725-99.0079,1
MICHELADITAS,19.42769218,-99.12071718,19.4276-99.1207,1
MICHELANDIA,19.35127032,-99.05196754,19.3512-99.0519,1
MICHELANDIA,19.42063293,-99.08858283,19.4206-99.0885,1
MIMCELADAS LALO,19.33668342,-99.02522151,19.3366-99.0252,1
MIXTAS CERVEZAS Y SALCHICHAS ARTESANALES,19.34919761,-99.18953873,19.3491-99.1895,1
MONASTERIO DE LAS CERVEZAS,19.50238746,-99.1762847,19.5023-99.1762,1
MR.BEERS,19.31813222,-99.06846588,19.3181-99.0684,1
MUCHIES BAR,19.36809741,-99.25992676,19.3680-99.2599,3
MURALITOS VIP,19.32629699,-99.17345664,19.3262-99.1734,1
NABUCCOS PUB GRILL,19.38747942,-99.17730834,19.3874-99.1773,1
NEGRITO CERVEZA ALITAS Y COSTILLAS,19.472686,-99.21207386,19.4726-99.2120,1
NOES BEAR CERVECERIA,19.30499229,-99.1121948,19.3049-99.1121,1
OFELIA BOTANERO,19.43227717,-99.2029149,19.4322-99.2029,1
OFICINA AUXILIAR DEL TERRAZA 5TA BAR,19.4345453,-99.14369463,19.4345-99.1436,1
OFICINA DE COBRANZA DE BANCO AZTECA,19.48970694,-99.18216986,19.4897-99.1821,1
OSTIONERIA VILLA DEL MAR,19.45773996,-99.1893122,19.4577-99.1893,1
PANCHOS BAR GYM,19.42367034,-99.16400536,19.4236-99.1640,1
PARANOIC VISITION UTA,19.44425003,-99.15416903,19.4442-99.1541,1
PARQUE PATOLLI MERENDERO,19.37799349,-99.06033269,19.3779-99.0603,1
PARRILLA DF,19.42271081,-99.10230528,19.4227-99.1023,1
PATA NEGRA,19.41244075,-99.17249079,19.4124-99.1724,1
PE—A EL MESON DE LA GUITARRA,19.37284793,-99.17430177,19.3728-99.1743,1
PERROS Y BURROS,19.50302436,-99.20521224,19.5030-99.2052,2
PHOENIX,19.41246609,-99.17287377,19.4124-99.1728,1
PIZZA RODIZIO,19.41168664,-99.17584745,19.4116-99.1758,1
PIZZAS DEL PERRO NEGRO,19.40932173,-99.19050569,19.4093-99.1905,1
POLI JARDAS,19.30499229,-99.1121948,19.3049-99.1121,2
PREFERE BAR,19.49285282,-99.13366876,19.4928-99.1336,1
PREPARACION DE BOTANAS Y POSTRES MARY,19.40240967,-99.12311474,19.4024-99.1231,1
PREPARACION DE CURADOS MAYA HUEL,19.2944887,-99.04603659,19.2944-99.0460,1
PREPARACION DE MICHELADAS SI NOMBRE,19.29506903,-99.03051019,19.2950-99.0305,1
PRINCIPIA TATING ROOM,19.3920214,-99.17185811,19.3920-99.1718,1
PROTEIN BAR,19.29156318,-99.0713514,19.2915-99.0713,1
PROTEIN BAR,19.37179143,-99.21760556,19.3717-99.2176,1
PUB VENTA DE ALITAS Y MICHELADAS,19.34844582,-99.06106924,19.3484-99.0610,1
PUERTO CAPITAL,19.36930938,-99.18021134,19.3693-99.1802,1
PUGS CON GUSTO CANTIL,19.34701427,-99.16365197,19.3470-99.1636,1
PULQUE AZTECA Y COMIDA MEXICANA,19.34980387,-99.00743425,19.3498-99.0074,1
PULQUE EL SABROSO,19.34293819,-99.27425475,19.3429-99.2742,1
PULQUE LOS ARENALES,19.23455323,-99.1841551,19.2345-99.1841,1
PULQUE SIN NOMBRES,19.26133303,-99.13012303,19.2613-99.1301,1
PULQUE SONIA,19.23863609,-99.23493566,19.2386-99.2349,1
PULQUE Y CONEJO,19.31660312,-99.25711761,19.3166-99.2571,1
PULQUE YOKO,19.29603906,-99.05679345,19.2960-99.0567,1
PULQUERIA,19.29688267,-99.0109536,19.2968-99.0109,1
PULQUERIA,19.32341714,-99.04223883,19.3234-99.0422,1
PULQUERIA,19.32484324,-99.04191785,19.3248-99.0419,1
PULQUERIA,19.30184299,-99.14355627,19.3018-99.1435,1
PULQUERIA,19.33890203,-98.99695145,19.3389-98.9969,1
PULQUERIA,19.36222964,-99.20497803,19.3622-99.2049,1
PULQUERIA,19.35301703,-99.02686039,19.3530-99.0268,1
PULQUERIA,19.56910719,-99.13223309,19.5691-99.1322,1
PULQUERIA DON ANDRES,19.33111388,-99.27411733,19.3311-99.2741,1
PULQUERÕA EL BARRILITO,19.2538118,-99.01021009,19.2538-99.0102,1
PULQUERÕA EL EDEN,19.29575694,-98.98007083,19.2957-98.9800,1
PULQUERIA EL ELIXIR DE LOS DIOSES,19.44188323,-99.16121988,19.4418-99.1612,1
PULQUERIA EL LOTE BALDIO,19.30871149,-99.07589002,19.3087-99.0758,1
PULQUERIA EL PARAISO DE LA ABUELA,19.33997961,-99.04200621,19.3399-99.0420,1
PULQUERIA EL PULQUEZITO ELIXIR NACIONAL,19.43323543,-99.14438691,19.4332-99.1443,3
PULQUERIA EL QUITAPENAS,19.34836891,-99.31819319,19.3483-99.3181,1
PULQUERIA EL SOL SALE PARA TODOS,19.41356462,-99.1351039,19.4135-99.1351,1
PULQUERIA EL SPOT,19.25486048,-99.03445266,19.2548-99.0344,1
PULQUERIA EL TECOLOTE,19.36573233,-99.02227691,19.3657-99.0222,1
PULQUERIA EL TEMPLO DE DIANA,19.26131587,-99.10264427,19.2613-99.1026,1
PULQUERIA EL TRIUNFO,19.23554316,-99.00250797,19.2355-99.0025,1
PULQUERIA EL TRIUNFO,19.34275531,-99.04340867,19.3427-99.0434,1
PULQUERIA ELPARQUE,19.34596673,-99.00867762,19.3459-99.0086,1
PULQUERIA ESPIRITU SANTO,19.43751719,-99.14939154,19.4375-99.1493,1
PULQUERIA FRANCISCO,19.28563402,-99.11952124,19.2856-99.1195,1
PULQUERIA FRIDA,19.44454309,-99.14368579,19.4445-99.1436,1
PULQUERIA LA ANTIGUA ROMA,19.43961346,-99.13734524,19.4396-99.1373,1
PULQUERIA LA BONITA,19.45303604,-99.12339622,19.4530-99.1233,1
PULQUERIA LA BOTIJONA,19.25919697,-99.10531748,19.2591-99.1053,1
PULQUERIA LA COPA DE ORO,19.37284303,-99.19836234,19.3728-99.1983,1
PULQUERIA LA FUENTE DE LOS CHUPAMILTOS,19.42818388,-99.12347637,19.4281-99.1234,1
PULQUERIA LA GLORIA,19.39544816,-99.19390578,19.3954-99.1939,1
PULQUERIA LA GLORIA,19.37092745,-99.16202543,19.3709-99.1620,1
PULQUERIA LA GLORIA,19.35899991,-99.08777405,19.3589-99.0877,1
PULQUERIA LA GRAN LEONA,19.35046484,-99.03670405,19.3504-99.0367,1
PULQUERIA LA HERMOSA HORTENSIA,19.44090505,-99.13851702,19.4409-99.1385,1
PULQUERIA LA MADRIGUERA DE LA TIA CONEJA,19.2170946,-99.11510195,19.2170-99.1151,1
PULQUERIA LA MAEXICANA,19.34111598,-99.03261024,19.3411-99.0326,1
PULQUERIA LA NEGRA,19.23916076,-99.14385187,19.2391-99.1438,1
PULQUERIA LA PALOMA AZUL,19.36121282,-99.15165407,19.3612-99.1516,1
PULQUERIA LA PESCADORA,19.40625719,-99.07881145,19.4062-99.0788,1
PULQUERIA LA REINA,19.56244351,-99.13227861,19.5624-99.1322,1
PULQUERIA LA ROSITA,19.45185852,-99.19932398,19.4518-99.1993,1
PULQUERIA LA TORMENTA,19.30650421,-98.97757206,19.3065-98.9775,1
PULQUERIA LA VICTORIA,19.48063361,-99.11593948,19.4806-99.1159,1
PULQUERIA LAS CINCO MONAS,19.30988014,-99.15186333,19.3098-99.1518,1
PULQUERIA LAS CREMAS DE TACUBA,19.4571845,-99.19088743,19.4571-99.1908,1
PULQUERIA LAS DUELISTAS,19.43022357,-99.14271197,19.4302-99.1427,1
PULQUERIA LOS FAMOSOS DE LA FAMA 2,19.28832648,-99.23124365,19.2883-99.2312,1
PULQUERIA LOS HOMBRES SIN MIEDO,19.3925088,-99.12270679,19.3925-99.1227,1
PULQUERIA METZALTEPEC,19.31752583,-99.25641322,19.3175-99.2564,1
PULQUERIA NO ME OLVIDES,19.35823829,-99.03526977,19.3582-99.0352,1
PULQUERIA RALPH,19.25716945,-99.03968309,19.2571-99.0396,1
PULQUERIA SIN NOMBRE,19.33664384,-99.0590406,19.3366-99.0590,1
PULQUERIA SIN NOMBRE,19.34194054,-99.03806001,19.3419-99.0380,1
PULQUERIA VACAS VERDES,19.43774754,-99.14004823,19.4377-99.1400,1
PULQUERIA Y ANTOJERIA LOS QUETZALES,19.33379717,-99.17385784,19.3337-99.1738,1
PULQUES,19.48430595,-99.21054544,19.4843-99.2105,1
PULQUES,19.32340269,-99.09970565,19.3234-99.0997,1
PULQUES,19.45330777,-99.20181195,19.4533-99.2018,1
PULQUES CURADO Y NATURAL,19.33784782,-99.06092821,19.3378-99.0609,1
PULQUES DON CHAVA,19.20053213,-99.14192215,19.2005-99.1419,1
PULQUES DON RAFA,19.30980058,-99.081982,19.3098-99.0819,1
PULQUES EL RORRO,19.17605518,-99.03466678,19.1760-99.0346,1
PULQUES EL TANQUE,19.28222949,-99.00987074,19.2822-99.0098,1
PULQUES EL ZOTA,19.32349738,-99.09992524,19.3234-99.0999,1
PULQUES FERNANDOS,19.17637785,-98.99493092,19.1763-98.9949,1
PULQUES FINOS LA GALLINA DE LOS HUEVOS DE ORO,19.35143883,-99.0242407,19.3514-99.0242,1
PULQUES KEVIN,19.35093189,-99.02853606,19.3509-99.0285,1
PULQUES LA GUERA,19.49640316,-99.17372507,19.4964-99.1737,1
PULQUES LA LOTERIA,19.35051894,-99.02380074,19.3505-99.0238,1
PULQUES RANCHO EL COLGADO,19.31522094,-99.26824723,19.3152-99.2682,1
PULQUES Y MICHELADAS,19.38759805,-99.10631437,19.3875-99.1063,1
PULQUEZ A TU LADO,19.23965097,-99.10133415,19.2396-99.1013,1
PULUQERIA LA CONCENTIDA,19.48058631,-99.19005563,19.4805-99.1900,1
PUNTO ZERO,19.4285471,-99.13683071,19.4285-99.1368,1
PUSH CUAUHTEMOC,19.42557142,-99.1532095,19.4255-99.1532,1
QUE CHUPE LUPE,19.35624779,-99.09078517,19.3562-99.0907,1
QUEENS,19.4199073,-99.16396283,19.4199-99.1639,1
R Y R LIVE,19.39059334,-99.15656571,19.3905-99.1565,1
RB LA CANTINA,19.36700746,-99.07277543,19.3670-99.0727,1
REATURANTE BAR LAMBEAU DRINKS,19.46622691,-99.07158863,19.4662-99.0715,1
REBEL WINGS,19.37844526,-99.09580302,19.3784-99.0958,2
REICH BY WOLTERS,19.49099377,-99.13728805,19.4909-99.1372,1
RESTAURAMTE BARRIGON,19.37679638,-99.19909627,19.3767-99.1990,1
RESTAURAN BAR LA TAPATIA,19.44759843,-99.08927396,19.4475-99.0892,1
RESTAURANT BAR BAM BAM SNACKS,19.38919403,-99.21101789,19.3891-99.2110,1
RESTAURANT BAR BAMBOLEO,19.43054645,-99.15534492,19.4305-99.1553,1
RESTAURANT BAR EL DEPOSITO,19.41918292,-99.15575911,19.4191-99.1557,1
RESTAURANT BAR EL NUEVO CENTAURO,19.42323579,-99.13758861,19.4232-99.1375,1
RESTAURANT- BAR EL PECADO,19.43730567,-99.13755418,19.4373-99.1375,1
RESTAURANT BAR FAMILIAR TORINO,19.37434728,-99.01645362,19.3743-99.0164,1
RESTAURANT BAR LA DIANA CAZADORA POLITECNICO,19.47973205,-99.13554943,19.4797-99.1355,1
RESTAURANT BAR LA TERRAZA DE GENOVA,19.42698581,-99.16448007,19.4269-99.1644,1
RESTAURANT BAR LOS BALCONES,19.43079744,-99.14451888,19.4307-99.1445,1
RESTAURANT BAR MR DUCK,19.43389743,-99.13911935,19.4338-99.1391,5
RESTAURANT BAR SONORA 51,19.19017705,-99.02315015,19.1901-99.0231,1
RESTAURANT BAR THE SUITE,19.431578,-99.14541335,19.4315-99.1454,1
RESTAURANT COCOS,19.45129007,-99.08814559,19.4512-99.0881,1
RESTAURANT COLONIAL LA CORNETA,19.53267876,-99.15462748,19.5326-99.1546,1
RESTAURANT LA FAMA,19.44313502,-99.1505025,19.4431-99.1505,1
RESTAURANT ROBERTO BAR,19.44002235,-99.16918209,19.4400-99.1691,1
RESTAURANT SATANIC HOUSE,19.40385533,-99.17161868,19.4038-99.1716,1
RESTAURANT Y BAR BAHIA DE VIGO,19.42490708,-99.13967252,19.4249-99.1396,1
RESTAURANTE 100 MONTADITOS,19.36612495,-99.18237467,19.3661-99.1823,1
RESTAURANTE BAR,19.46536031,-99.16917808,19.4653-99.1691,1
RESTAURANTE BAR,19.42986395,-99.12348139,19.4298-99.1234,1
RESTAURANTE BAR ALAS SUSHI SHELAS,19.42228996,-99.16768168,19.4222-99.1676,1
RESTAURANTE BAR ARDALIO,19.40140206,-99.18464524,19.4014-99.1846,1
RESTAURANTE BAR BARZA,19.41153222,-99.17628315,19.4115-99.1762,1
RESTAURANTE BAR BELLA,19.30353966,-99.05686426,19.3035-99.0568,1
RESTAURANTE BAR CHARLY BIR HAUSE,19.34431232,-99.03095247,19.3443-99.0309,1
RESTAURANTE BAR COMICX,19.50302436,-99.20521224,19.5030-99.2052,3
RESTAURANTE BAR EL CICLO,19.43985281,-99.08033719,19.4398-99.0803,1
RESTAURANTE BAR EL DEPOSITO,19.42372424,-99.16979443,19.4237-99.1697,1
RESTAURANTE BAR EL LUGAR,19.46584772,-99.11688629,19.4658-99.1168,1
RESTAURANTE BAR EL PARAISO,19.45291583,-99.15916618,19.4529-99.1591,1
RESTAURANTE BAR EL RINCON BIQUINGO,19.40391026,-99.16930775,19.4039-99.1693,1
RESTAURANTE BAR EL RODEO,19.46095552,-99.10387039,19.4609-99.1038,1
RESTAURANTE BAR EQUINOX,19.45864649,-99.15766025,19.4586-99.1576,1
RESTAURANTE BAR FAMILIAR COSTA GRANDE,19.30073385,-99.05081484,19.3007-99.0508,1
RESTAURANTE BAR FAMILIAR LA TENTACION,19.28630867,-99.04466004,19.2863-99.0446,1
RESTAURANTE BAR GINOS EAST MEXICO,19.43248338,-99.15649853,19.4324-99.1564,1
RESTAURANTE BAR JENNY,19.44377215,-99.08673036,19.4437-99.0867,1
RESTAURANTE BAR LA BARRA DE LA PIEDAD,19.48935652,-99.10363568,19.4893-99.1036,1
RESTAURANTE BAR LA CABA—A SNAKS,19.42870893,-99.10951144,19.4287-99.1095,1
RESTAURANTE BAR LA CHULADA,19.35629161,-99.08695105,19.3562-99.0869,1
RESTAURANTE BAR LA DIANA CAZADORA DE COLON,19.43394205,-99.15473464,19.4339-99.1547,1
RESTAURANTE BAR LA ESQUINA DE ABOLENGO,19.43412018,-99.15567451,19.4341-99.1556,1
RESTAURANTE BAR LA ESTACI”N,19.29716567,-99.15168967,19.2971-99.1516,1
RESTAURANTE BAR LA FIESTA,19.43256719,-99.15961436,19.4325-99.1596,1
RESTAURANTE BAR LA GAVIOTA DEL SUR,19.3022742,-99.11335278,19.3022-99.1133,1
RESTAURANTE BAR LA HOUSE,19.29798005,-99.12497973,19.2979-99.1249,1
RESTAURANTE BAR LA ONZE,19.43266865,-99.15105053,19.4326-99.1510,1
RESTAURANTE BAR LA PACHANGA,19.38409635,-99.13122256,19.3840-99.1312,1
RESTAURANTE BAR LA QUIMERA,19.43658191,-99.15615414,19.4365-99.1561,1
RESTAURANTE BAR LA RODADA,19.31040995,-99.10826456,19.3104-99.1082,1
RESTAURANTE BAR LA ROSA,19.42378938,-99.13195673,19.4237-99.1319,2
RESTAURANTE BAR LAS ACOXPA,19.29606046,-99.13392695,19.2960-99.1339,1
RESTAURANTE BAR LAS ADELAS,19.31433995,-99.24224251,19.3143-99.2422,1
RESTAURANTE BAR LOS COMPADRES,19.44751783,-99.14209621,19.4475-99.1420,1
RESTAURANTE BAR MN ROY,19.41531168,-99.1564376,19.4153-99.1564,1
RESTAURANTE BAR MR LEE,19.43306034,-99.14247966,19.4330-99.1424,1
RESTAURANTE BAR PINEDA,19.44151152,-99.09212002,19.4415-99.0921,1
RESTAURANTE BAR QUE CRUDITA,19.29617648,-99.13423698,19.2961-99.1342,1
RESTAURANTE BAR THE DOCTOR,19.30869394,-99.2372119,19.3086-99.2372,1
RESTAURANTE BAR TORETTOS,19.28933776,-99.16632635,19.2893-99.1663,1
RESTAURANTE BAR URBAN ZONE,19.4345136,-99.17106846,19.4345-99.1710,1
RESTAURANTE CABALLERO,19.44623571,-99.08404674,19.4462-99.0840,1
RESTAURANTE CANTINA SERENO MORENO,19.40604295,-99.16119747,19.4060-99.1611,1
RESTAURANTE CHELATOS,19.43245948,-99.1699027,19.4324-99.1699,1
RESTAURANTE DAY LIGHT SALADS,10.25839375,-124.4455263,10.2583-124.445,1
RESTAURANTE EL DESVAN,19.4939842,-99.14943443,19.4939-99.1494,1
RESTAURANTE EL MESON DEL AMIGO,19.38385713,-99.06690113,19.3838-99.0669,1
RESTAURANTE EL PECADO DE NO…,19.4193845,-99.16695988,19.4193-99.1669,1
RESTAURANTE EL REBA—O SAGRADO,19.44395659,-99.14120432,19.4439-99.1412,1
RESTAURANTE EL TUCAN,19.24560992,-99.00317477,19.2456-99.0031,1
RESTAURANTE HABANA CAFE,19.48390603,-99.18589031,19.4839-99.1858,1
RESTAURANTE LA CASONA,19.35586892,-99.18488344,19.3558-99.1848,1
RESTAURANTE LA FLOR MIXTECA,19.42440158,-99.12609987,19.4244-99.1260,1
RESTAURANTE LA MORENA,19.39786815,-99.18319337,19.3978-99.1831,1
RESTAURANTE LA VENUS,19.4577164,-99.19202248,19.4577-99.1920,1
RESTAURANTE LAS BOLAS DE ORO,19.34433042,-99.03276368,19.3443-99.0327,1
RESTAURANTE LAS SILLAS,19.49453313,-99.14930074,19.4945-99.1493,1
RESTAURANTE MEZCALERO,19.34864326,-99.16192643,19.3486-99.1619,1
RESTAURANTE MONTEJO SURESTE,19.3473303,-99.18776989,19.3473-99.1877,1
RESTAURANTE PIANO BAR,19.29493306,-99.1252581,19.2949-99.1252,1
RESTAURANTE ROYAL KROX,19.35617396,-99.13527563,19.3561-99.1352,1
RESTAURANTE RUBENS,19.21795282,-98.99302442,19.2179-98.9930,1
RESTAURANTE SABOR DE CASA,19.31055493,-99.15670306,19.3105-99.1567,1
RESTAURANTE-BAR LAS FLORES,19.43018999,-99.12342948,19.4301-99.1234,2
RESTAURAT BAR EL MEDIO TIEMPO,19.35464756,-99.07530685,19.3546-99.0753,1
RESTAURAT BAR LCH,19.28276378,-99.17481422,19.2827-99.1748,1
RESTAURATE DE ALITAS DENOMINADO SUPER ALITAS,19.45334208,-99.09644717,19.4533-99.0964,1
RESTURANTE-BAR,19.42972674,-99.12345541,19.4297-99.1234,1
RICO PULQUE DE HIDALGO,19.33564031,-99.05766782,19.3356-99.0576,1
RINCON BOHEMIO DEL THRASHER,19.49099367,-99.14471055,19.4909-99.1447,1
ROCK HOUSE OBRERA,19.41373941,-99.1413874,19.4137-99.1413,1
RODEO LOCO,19.46860061,-99.17687203,19.4686-99.1768,1
RON Y BUENA VIDA,19.29991626,-99.11112952,19.2999-99.1111,1
SALON BAR PUEBLA,19.45291425,-99.16042876,19.4529-99.1604,1
SALON CANTINA CUAUHTEMOC,19.2601235,-99.10601316,19.2601-99.1060,1
SALON CANTINA ISABEL,19.43420744,-99.15746449,19.4342-99.1574,1
SALON CANTINA LA MASCOTA,19.45115725,-99.11540721,19.4511-99.1154,1
SALON CANTINA OLGA,19.44873302,-99.11077603,19.4487-99.1107,1
SALON CUITLAHUAC,19.4726972,-99.14317586,19.4726-99.1431,1
SALON SOL,19.43458872,-99.14394626,19.4345-99.1439,1
SALON VICTORIA,19.39543959,-99.13858842,19.3954-99.1385,1
SAMBUCA BAR,19.3385896,-99.1918124,19.3385-99.1918,1
SAN BARTOLO TEQUILERO,19.37196669,-99.17277925,19.3719-99.1727,1
SAN REMO BAR,19.43412004,-99.14266294,19.4341-99.1426,1
SANTAS ALITAS CUAUHTEMOC,19.42427641,-99.15355066,19.4242-99.1535,1
SERCH & RELAX,19.36044191,-99.24755587,19.3604-99.2475,1
SERVICIOS GASTRONOMICOS DUX,19.47993926,-99.18670205,19.4799-99.1867,1
SHOTERIA PRE,19.37144871,-99.18693626,19.3714-99.1869,2
SI HAY PULQUES,19.35250552,-99.31763484,19.3525-99.3176,1
SIETE VIDAS RESTAURANTE BAR,19.4115381,-99.17365631,19.4115-99.1736,1
SIGAMOS PECANDO,19.32776814,-99.06313847,19.3277-99.0631,1
SINATEC,19.42971598,-99.21104282,19.4297-99.2110,1
SNACK BAR,19.44184743,-99.18314572,19.4418-99.1831,2
SNACKS & BEER,19.34854513,-99.21710545,19.3485-99.2171,1
SNACKS BEER LOS CHAPULINES,19.34634608,-98.98851992,19.3463-98.9885,1
SNAK JULY VENTA DE MICHELADAS DE SABORES,19.30902468,-99.24637093,19.3090-99.2463,1
SOLSTICIO,19.37117744,-99.16787552,19.3711-99.1678,1
SPEED BEERS RESTAURANTE,19.33568033,-99.16529496,19.3356-99.1652,1
SPIRITU SANTO PULQUERIA,19.45090754,-99.15915003,19.4509-99.1591,2
STARDUST,19.44857833,-99.09572379,19.4485-99.0957,1
SUPER CHEVE,19.49362775,-99.19261749,19.4936-99.1926,1
SUPLEMENTOS Y CLUB DE NUTRICION,19.40890392,-99.07452169,19.4089-99.0745,1
TABERNA DE HOMERO,19.42955896,-99.18040909,19.4295-99.1804,1
TABERNA DEL PACIFICO,19.42700297,-99.16319388,19.4270-99.1631,1
TABERNA THE BEER BOX,19.37846313,-99.15840861,19.3784-99.1584,1
TACOS ASADERO LA CHIQUITA,19.45090861,-99.14138793,19.4509-99.1413,1
TAPIOCA BUBLE POP,19.38130069,-99.18008619,19.3813-99.1800,1
TAQUITOS BAR LAS CEBOLLITAS,19.38205,-99.17812035,19.3820-99.1781,1
TARROS,19.43691127,-99.15710851,19.4369-99.1571,2
TASAC BROWN,19.39569293,-99.15271327,19.3956-99.1527,1
TEATRO BAR EL VICIO,19.35745676,-99.16385585,19.3574-99.1638,1
TEPACHE Y AGUA SIN NOMBRE,19.48339591,-99.11788919,19.4833-99.1178,1
TEPACHERIA,19.40888149,-99.12327894,19.4088-99.1232,1
TEPACHERIA AMERICA,19.31492955,-99.10379004,19.3149-99.1037,1
TEPACHERIA EL OASIS,19.41429829,-99.1459988,19.4142-99.1459,1
TEPACHERIA JOVANNI 287 288,19.43998847,-99.11416917,19.4399-99.1141,1
TEPACHERIA NATY,19.4021506,-99.11769401,19.4021-99.1176,1
TEPACHES SAN GREGORIO ATLAPULCO,19.25533627,-99.05760212,19.2553-99.0576,1
TEQUILERA LA PERLA DE OCCIDENTE,19.41283703,-99.17285797,19.4128-99.1728,1
TERRAZA 5TA BAR JUAREZ,19.4345453,-99.14369463,19.4345-99.1436,2
TERRAZA APPLE,19.39264085,-99.10159058,19.3926-99.1015,1
TERRAZA BAR,19.33473954,-99.2721441,19.3347-99.2721,1
TERRAZA BLACK,19.35756754,-99.12237012,19.3575-99.1223,1
THAI GARDENS,19.4311517,-99.20228294,19.4311-99.2022,1
THE BEER BOX,19.3045201,-99.20508971,19.3045-99.2050,1
THE BEER BOX,19.42894151,-99.16858815,19.4289-99.1685,1
THE BEER COMPANY,19.36725624,-99.12216685,19.3672-99.1221,1
THE BEER COMPANY,19.43354606,-99.14554914,19.4335-99.1455,1
THE BEER COMPANY,19.30785,-99.12397699,19.3078-99.1239,2
THE BEER COMPANY BALMORI,19.39070395,-99.15051488,19.3907-99.1505,1
THE BEER COMPANY PATRIOTISMO,19.38877903,-99.18318333,19.3887-99.1831,1
THE BEERBOX DEL VALLE,19.36534683,-99.17652687,19.3653-99.1765,1
THE DOG HOUSE,19.42095897,-99.16649401,19.4209-99.1664,1
TIENDA  CHOPE,19.27287639,-99.08809278,19.2728-99.0880,1
TIENDA DE ARTESANIAS SABR¡ DIOS,19.41938918,-99.17616736,19.4193-99.1761,1
TOCINO PIG,19.29203052,-99.22179856,19.2920-99.2217,1
TOSTIRICO PALOMITAS,19.50091178,-99.20001394,19.5009-99.2000,1
TRADICIONAL CANTINA EL PUERTO DE BARCELONA,19.44161368,-99.12338149,19.4416-99.1233,1
VENTA DE ALIMENTOS Y CERVEZA EL CABECIN,19.39196137,-99.09311116,19.3919-99.0931,1
VENTA DE BEBIDAS Y BOTANAS,19.47694486,-99.21546732,19.4769-99.2154,1
VENTA DE CERVEZA EL BAR KITO DE YEN,19.20257371,-99.01586614,19.2025-99.0158,1
VENTA DE CERVEZAS PREPARADAS SIN NOMBRE,19.23386598,-99.11998578,19.2338-99.1199,1
VENTA DE EMPANADAS DE POLLO,19.38738493,-99.06701788,19.3873-99.0670,1
VENTA DE FRITURAS,19.36787601,-99.24459095,19.3678-99.2445,1
VENTA DE HOT CAKES,19.2520671,-99.0294901,19.2520-99.0294,1
VENTA DE MICHELADAS LAS MAMALONAS DE IVONNE,19.2843325,-99.27448806,19.2843-99.2744,1
VENTA DE MICHELADAS SIN NOMBRE,19.30837282,-98.97327054,19.3083-98.9732,1
VENTA DE MICHELADAS SIN NOMBRE,19.47415324,-99.21754026,19.4741-99.2175,1
VENTA DE PUILQUE,19.32256881,-99.04322066,19.3225-99.0432,1
VENTA DE PULQUE,19.22472184,-99.20690013,19.2247-99.2069,1
VENTA DE PULQUE,19.33449087,-99.02322748,19.3344-99.0232,1
VENTA DE PULQUE,19.27841718,-99.23172875,19.2784-99.2317,1
VENTA DE PULQUE,19.33033768,-99.2737425,19.3303-99.2737,1
VENTA DE PULQUE,19.22497488,-99.20940692,19.2249-99.2094,1
VENTA DE PULQUE,19.32718626,-99.06999183,19.3271-99.0699,1
VENTA DE PULQUE,19.45193846,-99.05862021,19.4519-99.0586,1
VENTA DE PULQUE,19.20015351,-99.14188037,19.2001-99.1418,1
VENTA DE PULQUE,19.35242327,-99.00419835,19.3524-99.0041,1
VENTA DE PULQUE LA BURRA PRIETA,19.24969421,-99.00931096,19.2496-99.0093,1
VENTA DE PULQUE LA CABA—A,19.28041146,-99.03142199,19.2804-99.0314,1
VENTA DE PULQUE LOS ALEBRIJES,19.27410292,-99.09530736,19.2741-99.0953,1
VENTA DE PULQUE ROMIS,19.23762513,-98.99675215,19.2376-98.9967,1
VENTA DE PULQUE SIN NOMBRE,19.5002121,-99.19868307,19.5002-99.1986,1
VENTA DE PULQUE SIN NOMBRE,19.28989047,-99.03262389,19.2898-99.0326,1
VENTA DE PULQUE TOMANDANCIA,19.29207882,-99.0286613,19.2920-99.0286,1
VENTA DE PULQUES,19.38232374,-99.06612512,19.3823-99.0661,1
VENTA DE PULQUES,19.31428206,-99.06976134,19.3142-99.0697,1
VENTA DE PULQUES SIN NOMBRE,19.54882513,-99.15131593,19.5488-99.1513,1
VENTA DE PULQUES SIN NOMBRE,19.29244659,-99.03249209,19.2924-99.0324,1
VENTA DE TEPACHE,19.33636835,-99.12304906,19.3363-99.1230,1
VIDEO BAR,19.41897548,-99.09648162,19.4189-99.0964,1
VIDEO YARDAS LA MESA DE GOMA,19.49291164,-99.09153223,19.4929-99.0915,1
VINGS CLUB,19.44128028,-99.15482027,19.4412-99.1548,1
VISTA CHELA LA CUEVA,19.41016741,-99.13516939,19.4101-99.1351,1
VORHAL,19.3531239,-99.1903267,19.3531-99.1903,1
VOY DE PASADA,19.33729683,-99.20590273,19.3372-99.2059,1
VULL WINS,19.35880916,-99.07152846,19.3588-99.0715,1
W. WINGS,19.41704129,-99.11257463,19.4170-99.1125,1
WAIKIKI TIKI ROOM,19.41787239,-99.15974335,19.4178-99.1597,1
WALLACE BAR,19.41283703,-99.17285797,19.4128-99.1728,2
WC Y TIENDA SEVEN CONEJOS,19.27756194,-99.08184306,19.2775-99.0818,5
WH FRAZER,19.2982006,-99.13107279,19.2982-99.1310,1
WING.STOP,19.50302436,-99.20521224,19.5030-99.2052,4
WINGS AMY,19.46105464,-99.14007945,19.4610-99.1400,2
WINGS AND BEER OF KINGS,19.33583929,-99.06552712,19.3358-99.0655,1
WINGS ARMY,19.41674264,-99.11881413,19.4167-99.1188,1
WINGS ARMY,19.42691915,-99.16337031,19.4269-99.1633,1
WINGS BAR,19.27710727,-99.17069755,19.2771-99.1706,1
XAMPA—ERIA DE GARCÕA,19.41292822,-99.17157678,19.4129-99.1715,1
YARDAS BAR,19.45569384,-99.12858468,19.4556-99.1285,1
ZINCO JAZZ CLUB,19.43413223,-99.13713679,19.4341-99.1371,1
ZONA DORADA,19.4345453,-99.14369463,19.4345-99.1436,3
